{"cameraMode":{"drawMode":0,"name":"Shaded","section":"Shading Mode"},"sceneLighting":true,"audioPlay":false,"sceneViewState":{"showFog":true,"showMaterialUpdate":false,"showSkybox":true,"showFlares":true,"showImageEffects":true,"showParticleSystems":true},"in2DMode":false,"pivot":{"x":9.024367332458496,"y":2.4689574241638185,"z":6.90625},"rotation":{"x":0.022439653053879739,"y":-0.5557430386543274,"z":0.015009346418082714,"w":0.8309156894683838},"size":86.75364685058594,"orthographic":true}